_id,user_id,project_id,updated_at,created_at
4d801c834bc13c7736000004,4d70786b4bc13c767a000003,4d76ee514bc13c78ea00002b,2011-03-16 02:12:20 UTC,2011-03-16 02:12:20 UTC
4d801c8e4bc13c773600000a,4d76eec24bc13c78ea000035,4d76ee514bc13c78ea00002b,2011-03-16 02:12:30 UTC,2011-03-16 02:12:30 UTC
4d824654ead1cc571500000a,4d7abf8a4bc13c7b3600000c,4d76ee514bc13c78ea00002b,2011-03-17 17:35:16 UTC,2011-03-17 17:35:16 UTC
4d97444bead1cc69f7000009,4d974436ead1cc69f7000005,4d76ee514bc13c78ea00002b,2011-04-02 15:44:11 UTC,2011-04-02 15:44:11 UTC
4dab39e4ead1cc5e4100013c,4dab380fead1cc5e41000137,4d76ee514bc13c78ea00002b,2011-04-17 19:05:08 UTC,2011-04-17 19:05:08 UTC
4df98137cb5dc721a70000d6,4d76eec24bc13c78ea000035,4df98130cb5dc721a70000d3,2011-06-16 04:06:15 UTC,2011-06-16 04:06:15 UTC
4e0d2f95cb5dc721a7000200,4d707b1d4bc13c7795000004,4e0d2ed3cb5dc721a70001eb,2011-07-01 02:23:17 UTC,2011-07-01 02:23:17 UTC
4e16ff74cb5dc721a700032a,4d76eec24bc13c78ea000035,4e16ff6acb5dc721a7000327,2011-07-08 13:00:36 UTC,2011-07-08 13:00:36 UTC
4ec3de0acb5dc71c0d00007d,4d707b1d4bc13c7795000004,4d82256aead1cc4d08000009,2011-11-16 16:00:10 UTC,2011-11-16 16:00:10 UTC
4f82ffafcb5dc746ac000095,4f3bf99fcb5dc76bb200003d,4d76ee514bc13c78ea00002b,2012-04-09 15:26:39 UTC,2012-04-09 15:26:39 UTC
500b6eeccb5dc77c9a00009e,500b6e8fcb5dc77c9a000099,500b6ee4cb5dc77c9a00009b,2012-07-22 03:09:32 UTC,2012-07-22 03:09:32 UTC
50131f56cb5dc7106d000074,4d707b1d4bc13c7795000004,50131f51cb5dc7106d000071,2012-07-27 23:08:06 UTC,2012-07-27 23:08:06 UTC
50131f5acb5dc7106d000077,4d70786b4bc13c767a000003,50131f51cb5dc7106d000071,2012-07-27 23:08:10 UTC,2012-07-27 23:08:10 UTC
501ac30bcb5dc70e85000005,4dab380fead1cc5e41000137,501ac303cb5dc70e85000002,2012-08-02 18:12:27 UTC,2012-08-02 18:12:27 UTC
502976fbcb5dc70a1500004c,50003eb3cb5dc73451000025,500b6ee4cb5dc77c9a00009b,2012-08-13 21:51:55 UTC,2012-08-13 21:51:55 UTC
5029a9b4cb5dc77a95000129,4d974436ead1cc69f7000005,500b6ee4cb5dc77c9a00009b,2012-08-14 01:28:20 UTC,2012-08-14 01:28:20 UTC
504f6334cb5dc721e60002f6,504f631ccb5dc721e60002f3,500b6ee4cb5dc77c9a00009b,2012-09-11 16:13:40 UTC,2012-09-11 16:13:40 UTC
50aab828cb5dc72bff0001ce,50aa51d9cb5dc72bff0001af,500b6ee4cb5dc77c9a00009b,2012-11-19 22:52:24 UTC,2012-11-19 22:52:24 UTC
50afddbbcb5dc72bff00029b,50afddaacb5dc72bff000298,500b6ee4cb5dc77c9a00009b,2012-11-23 20:34:03 UTC,2012-11-23 20:34:03 UTC
50d31ddfcb5dc72bff0008e7,50003eb3cb5dc73451000025,4d82256aead1cc4d08000009,2012-12-20 14:17:03 UTC,2012-12-20 14:17:03 UTC
50e44be0cb5dc75683000181,4d707b1d4bc13c7795000004,500b6ee4cb5dc77c9a00009b,2013-01-02 15:01:52 UTC,2013-01-02 15:01:52 UTC
50f82fa4cb5dc75683000398,50f82f51cb5dc75683000394,500b6ee4cb5dc77c9a00009b,2013-01-17 17:06:44 UTC,2013-01-17 17:06:44 UTC
5132396c60df1f0002000004,5131520b82b46d0002000003,500b6ee4cb5dc77c9a00009b,2013-03-02 17:39:56 UTC,2013-03-02 17:39:56 UTC
51369e2bdec8b80002000005,51368f77dec8b80002000002,500b6ee4cb5dc77c9a00009b,2013-03-06 01:38:51 UTC,2013-03-06 01:38:51 UTC
515c86be1c35c80002000004,50aa8441cb5dc72bff0001bf,500b6ee4cb5dc77c9a00009b,2013-04-03 19:45:02 UTC,2013-04-03 19:45:02 UTC
51818464d3ec3f0002000014,516d7096f744e00002000002,500b6ee4cb5dc77c9a00009b,2013-05-01 21:08:52 UTC,2013-05-01 21:08:52 UTC
5187c556f0e5a60002000008,5187bf4bf0e5a60002000004,500b6ee4cb5dc77c9a00009b,2013-05-06 14:59:34 UTC,2013-05-06 14:59:34 UTC
5194f5ec86e0d50002000012,5194f5bd86e0d5000200000f,500b6ee4cb5dc77c9a00009b,2013-05-16 15:06:20 UTC,2013-05-16 15:06:20 UTC
51d2f3ac98a3e800020000b8,51c108955c5a2f0002000002,500b6ee4cb5dc77c9a00009b,2013-07-02 15:37:16 UTC,2013-07-02 15:37:16 UTC
51fd1760e3ed830002000004,51ba0b0ed6e5380002000007,500b6ee4cb5dc77c9a00009b,2013-08-03 14:44:48 UTC,2013-08-03 14:44:48 UTC
527ab702b3541b0002000003,5194f5bd86e0d5000200000f,501ac303cb5dc70e85000002,2013-11-06 21:39:14 UTC,2013-11-06 21:39:14 UTC
529ca04f022dff0002000005,51c108955c5a2f0002000002,529ca02a022dff0002000002,2013-12-02 14:59:27 UTC,2013-12-02 14:59:27 UTC
529ca057022dff0002000008,5194f5bd86e0d5000200000f,529ca02a022dff0002000002,2013-12-02 14:59:35 UTC,2013-12-02 14:59:35 UTC
5311fb24f1ebe40002000006,50aa8441cb5dc72bff0001bf,5311fb12f1ebe40002000002,2014-03-01 15:22:12 UTC,2014-03-01 15:22:12 UTC
5311fb3af1ebe40002000009,4d70786b4bc13c767a000003,5311fb12f1ebe40002000002,2014-03-01 15:22:34 UTC,2014-03-01 15:22:34 UTC
5311fb4ef1ebe4000200000c,5187bf4bf0e5a60002000004,5311fb12f1ebe40002000002,2014-03-01 15:22:54 UTC,2014-03-01 15:22:54 UTC
5311fb59f1ebe40002000013,5194f5bd86e0d5000200000f,5311fb12f1ebe40002000002,2014-03-01 15:23:05 UTC,2014-03-01 15:23:05 UTC
5311fb61f1ebe40002000016,5131520b82b46d0002000003,5311fb12f1ebe40002000002,2014-03-01 15:23:13 UTC,2014-03-01 15:23:13 UTC
5331fec0cbcd1e0002000005,532cc578620f2e000200000d,500b6ee4cb5dc77c9a00009b,2014-03-25 22:10:08 UTC,2014-03-25 22:10:08 UTC
5331ff5acbcd1e000200000f,5331f73acbcd1e0002000002,500b6ee4cb5dc77c9a00009b,2014-03-25 22:12:42 UTC,2014-03-25 22:12:42 UTC
533ec24cef6a450002000004,5317be67b645b50002000003,529ca02a022dff0002000002,2014-04-04 14:31:40 UTC,2014-04-04 14:31:40 UTC
533ec255ef6a450002000008,5331f73acbcd1e0002000002,529ca02a022dff0002000002,2014-04-04 14:31:49 UTC,2014-04-04 14:31:49 UTC
5361a68943e6230002000043,50aa8441cb5dc72bff0001bf,501ac303cb5dc70e85000002,2014-05-01 01:42:33 UTC,2014-05-01 01:42:33 UTC
5361a68f43e6230002000046,5131520b82b46d0002000003,501ac303cb5dc70e85000002,2014-05-01 01:42:40 UTC,2014-05-01 01:42:40 UTC
54b421e9c2bd270002000007,54b4210bc2bd270002000003,500b6ee4cb5dc77c9a00009b,2015-01-12 19:35:05 UTC,2015-01-12 19:35:05 UTC
54c98976388b370003000005,5317be67b645b50002000003,501ac303cb5dc70e85000002,2015-01-29 01:14:30 UTC,2015-01-29 01:14:30 UTC
54d12d0f507fbb0003000011,5187bf4bf0e5a60002000004,501ac303cb5dc70e85000002,2015-02-03 20:18:23 UTC,2015-02-03 20:18:23 UTC
54f6458af710c20003000008,4d70786b4bc13c767a000003,500b6ee4cb5dc77c9a00009b,2015-03-03 23:36:42 UTC,2015-03-03 23:36:42 UTC
54f6459cf710c2000300000d,4d70786b4bc13c767a000003,501ac303cb5dc70e85000002,2015-03-03 23:37:00 UTC,2015-03-03 23:37:00 UTC
5593ff95a310ad0003000021,556dce1e16916a0003000009,500b6ee4cb5dc77c9a00009b,2015-07-01 14:56:21 UTC,2015-07-01 14:56:21 UTC
5593ffa8a310ad0003000028,556dce1e16916a0003000009,529ca02a022dff0002000002,2015-07-01 14:56:40 UTC,2015-07-01 14:56:40 UTC
559419c8a310ad0003000052,556cf4fe2a686f0003000002,500b6ee4cb5dc77c9a00009b,2015-07-01 16:48:08 UTC,2015-07-01 16:48:08 UTC
55cb6c639cb5dd0003000007,5317be67b645b50002000003,500b6ee4cb5dc77c9a00009b,2015-08-12 15:55:15 UTC,2015-08-12 15:55:15 UTC
55f0c72f45aa520003000003,55f0b57307aee10003000002,500b6ee4cb5dc77c9a00009b,2015-09-09 23:56:31 UTC,2015-09-09 23:56:31 UTC
5776815cf26c5a0003000005,57767a2ff26c5a0003000002,500b6ee4cb5dc77c9a00009b,2016-07-01 14:42:36 UTC,2016-07-01 14:42:36 UTC
577a8e1757747b0003000007,577a8e0b57747b0003000004,500b6ee4cb5dc77c9a00009b,2016-07-04 16:25:59 UTC,2016-07-04 16:25:59 UTC
57a648afbe7d4b0003000031,55f0b57307aee10003000002,501ac303cb5dc70e85000002,2016-08-06 20:29:35 UTC,2016-08-06 20:29:35 UTC
57a8c64e9897690003000007,57a8c6439897690003000004,500b6ee4cb5dc77c9a00009b,2016-08-08 17:50:06 UTC,2016-08-08 17:50:06 UTC
